<assembly xmlns="http://maven.apache.org/ASSEMBLY/2.0.0"
  xmlns:xsi="http://www.w3.org/2001/XMLSchema-instance"
  xsi:schemaLocation="http://maven.apache.org/ASSEMBLY/2.0.0 http://maven.apache.org/xsd/assembly-2.0.0.xsd">
  <id>dist</id>
  <formats>
    <format>tar.gz</format>
  </formats>
  <includeBaseDirectory>false</includeBaseDirectory>
  <fileSets>
    <fileSet>
      <directory>${project.basedir}/dist</directory>
      <outputDirectory>/</outputDirectory>
      <useDefaultExcludes>true</useDefaultExcludes>
    </fileSet>
  </fileSets>
</assembly>